Workbook

Sheet trang-thai-tram
A1: ma_tram | B1: ma_linh_kien_sach | C1: ma_linh_kien | D1: ten_thiet_bi | E1: dung_luong_ram | F1: ngay_lap_dat
A2: TRAM001 | B2: =TRIM(C2) -> LK001 | C2: LK001 | D2: =VLOOKUP(B2,'danh-muc-linh-kien'!$A$2:$D$9,2,FALSE) -> Raspberry Pi 4B 4GB | E2: 4 | F2: 46177
A3: TRAM002 | B3: =TRIM(C3) -> LK004 | C3: LK004 | D3: =VLOOKUP(B3,'danh-muc-linh-kien'!$A$2:$D$9,2,FALSE) -> Orange Pi 5 8GB | E3: 8 | F3: 45696
A4: TRAM003 | B4: =TRIM(C4) -> LK002 | C4: LK002 | D4: =VLOOKUP(B4,'danh-muc-linh-kien'!$A$2:$D$9,2,FALSE) -> Raspberry Pi 4B 8GB | E4: 8 | F4: 46102
A5: TRAM004 | B5: =TRIM(C5) -> LK007 | C5: LK007 | D5: =VLOOKUP(B5,'danh-muc-linh-kien'!$A$2:$D$9,2,FALSE) -> Mini PC Celeron J4125 4GB | E5: 4 | F5: 45729
A6: TRAM005 | B6: =TRIM(C6) -> LK004 | C6: LK004 | D6: =VLOOKUP(B6,'danh-muc-linh-kien'!$A$2:$D$9,2,FALSE) -> Orange Pi 5 8GB | E6: 8 | F6: 45750
A7: TRAM006 | B7: =TRIM(C7) -> LK007 | C7: LK007 | D7: =VLOOKUP(B7,'danh-muc-linh-kien'!$A$2:$D$9,2,FALSE) -> Mini PC Celeron J4125 4GB | E7: 4 | F7: 45718
A8: TRAM007 | B8: =TRIM(C8) -> LK002 | C8: LK002 | D8: =VLOOKUP(B8,'danh-muc-linh-kien'!$A$2:$D$9,2,FALSE) -> Raspberry Pi 4B 8GB | E8: 8 | F8: 46303
A9: TRAM008 | B9: =TRIM(C9) -> LK001 | C9: LK001 | D9: =VLOOKUP(B9,'danh-muc-linh-kien'!$A$2:$D$9,2,FALSE) -> Raspberry Pi 4B 4GB | E9: 4 | F9: 46248
A10: TRAM009 | B10: =TRIM(C10) -> LK007 | C10: LK007 | D10: =VLOOKUP(B10,'danh-muc-linh-kien'!$A$2:$D$9,2,FALSE) -> Mini PC Celeron J4125 4GB | E10: 4 | F10: 45708
A11: TRAM010 | B11: =TRIM(C11) -> LK004 | C11: LK004 | D11: =VLOOKUP(B11,'danh-muc-linh-kien'!$A$2:$D$9,2,FALSE) -> Orange Pi 5 8GB | E11: 8 | F11: 46228
A12: TRAM011 | B12: =TRIM(C12) -> LK003 | C12: LK003 | D12: =VLOOKUP(B12,'danh-muc-linh-kien'!$A$2:$D$9,2,FALSE) -> Jetson Nano 4GB | E12: 4 | F12: 45954
A13: TRAM012 | B13: =TRIM(C13) -> LK007 | C13: LK007 | D13: =VLOOKUP(B13,'danh-muc-linh-kien'!$A$2:$D$9,2,FALSE) -> Mini PC Celeron J4125 4GB | E13: 4 | F13: 45805
... A101: TRAM100 | B101: =TRIM(C101) -> LK008 | C101: LK008 | D101: =VLOOKUP(B101,'danh-muc-linh-kien'!$A$2:$D$9,2,FALSE) -> Rock Pi 4 4GB | E101: 4 | F101: 46022

Sheet danh-muc-linh-kien
A1: ma_linh_kien | B1: ten_thiet_bi | C1: don_gia | D1: loai_storage
A2: LK001 | B2: Raspberry Pi 4B 4GB | C2: 1350000 | D2: SSD
A3: LK002 | B3: Raspberry Pi 4B 8GB | C3: 1950000 | D3: SSD
A4: LK003 | B4: Jetson Nano 4GB | C4: 2500000 | D4: SSD
A5: LK004 | B5: Orange Pi 5 8GB | C5: 2100000 | D5: SSD
A6: LK005 | B6: Intel NUC N100 8GB | C6: 4200000 | D6: SSD
A7: LK006 | B7: Gateway ARM 2GB | C7: 1100000 | D7: HDD
A8: LK007 | B8: Mini PC Celeron J4125 4GB | C8: 3300000 | D8: HDD
A9: LK008 | B9: Rock Pi 4 4GB | C9: 1600000 | D9: SSD
